0194f161-c328-7091-9225-7009fd50dacb,0194f162-df7b-7276-bfb5-8bc47278a778
0194f161-c328-7091-9225-7009fd50dacb,0194f162-ed99-7a51-a336-bdf59fccc093
0194f161-c328-7091-9225-7009fd50dacb,0194f162-fb4d-7cbd-a095-e7f1282881cc
0194f161-d521-74c4-a666-31cf93585e9c,0194f162-df7b-7276-bfb5-8bc47278a778
0194f161-d521-74c4-a666-31cf93585e9c,0194f162-ed99-7a51-a336-bdf59fccc093
0194f161-e554-7e97-83b8-1dbba7bbd4e3,0194f162-df7b-7276-bfb5-8bc47278a778
0194f161-e554-7e97-83b8-1dbba7bbd4e3,0194f162-fb4d-7cbd-a095-e7f1282881cc
0194f161-f462-73bb-bc68-163062b35b56,0194f162-df7b-7276-bfb5-8bc47278a778
0194f161-f462-73bb-bc68-163062b35b56,0194f162-ed99-7a51-a336-bdf59fccc093
0194f162-0526-7f5a-acff-01d303a45251,0194f162-df7b-7276-bfb5-8bc47278a778
